{
  "best_epoch": 24,
  "best_val_loss": 3742.966447969186,
  "train_loss_history": [
    3690.774233907089,
    3684.185783142535,
    3683.8833191037625,
    3683.7433837658564,
    3683.6127504819997,
    3683.52112603522,
    3683.454860215556,
    3683.3829668974304,
    3683.3330026848857,
    3683.295607168414,
    3683.2539958184243,
    3683.243430136986,
    3683.2064795115534,
    3683.164177084357,
    3683.1560603330486,
    3683.1461301754825,
    3683.106077328542,
    3683.1029222201983,
    3683.07810664203,
    3683.072367124443,
    3683.045223196246,
    3683.0318101131693,
    3683.0333546400134,
    3683.0045448171363,
    3682.986823751068,
    3683.0096979075497,
    3682.9677478122967,
    3682.959381205883,
    3682.9576670102565,
    3682.9558441190784,
    3682.9538102834067,
    3682.9745277603784,
    3682.9466348328147,
    3682.948737292773,
    3682.9475564410336
  ],
  "val_loss_history": [
    3744.620000822554,
    3743.8340330203723,
    3743.911177759137,
    3743.471763546196,
    3744.05222270926,
    3743.369405917524,
    3743.601062239057,
    3743.3885055305313,
    3743.3483635564653,
    3743.3813670969876,
    3743.500405760499,
    3743.1893111036643,
    3743.3301995323623,
    3743.339256029102,
    3743.284878332327,
    3743.230606294264,
    3743.222237621103,
    3743.4061917045333,
    3742.9961279428035,
    3743.3118011022707,
    3743.171866030479,
    3743.3562849717428,
    3743.107009010995,
    3743.114903738301,
    3742.966447969186,
    3743.359966119049,
    3743.1430936198703,
    3743.180947252228,
    3743.0126093012955,
    3743.1512938884994,
    3743.552612770939,
    3743.203592323603,
    3743.003892465404,
    3743.1596614207824,
    3743.061314660207
  ],
  "stopped_early": true
}