{
  "best_epoch": 39,
  "best_val_loss": 6365.988299113434,
  "train_loss_history": [
    3296.045021237818,
    3290.31238064565,
    3289.9930497710166,
    3289.839309749565,
    3289.752186947619,
    3289.682964704615,
    3289.650207310346,
    3289.57401212532,
    3289.568579514338,
    3289.5135462306594,
    3289.23996624101,
    3289.0085759962717,
    3288.9042155294037,
    3288.8410172340837,
    3288.796485662543,
    3288.7552144522224,
    3288.7416961036047,
    3288.7138390942,
    3288.701856443755,
    3288.6758599031195,
    3288.6857904337567,
    3288.665815463511,
    3288.619482590847,
    3288.619514793539,
    3288.613061598021,
    3288.598115495472,
    3288.6048016604423,
    3288.587902046331,
    3288.588294345347,
    3288.569513829282,
    3288.58522945083,
    3288.571682287865,
    3288.6711757650437,
    3288.6867350729945,
    3288.5861615814147,
    3288.625351564986,
    3288.571094076487,
    3288.5250781341424,
    3288.7968230040105,
    3288.603710055599,
    3288.9515774469564,
    3288.644352604351,
    3288.668831704343,
    3288.8765891523935,
    3288.9951569683203,
    3288.7962311238034,
    3288.576319519291,
    3288.745526655248,
    3290.422549709905,
    3289.9635326986313
  ],
  "val_loss_history": [
    6367.92328034303,
    6367.884300681778,
    6367.733413760575,
    6367.30931340076,
    6367.397336599121,
    6367.271707229217,
    6367.1153941394805,
    6367.059462105763,
    6367.173530701434,
    6367.106793331751,
    6366.741355602497,
    6366.388210092751,
    6366.383290034583,
    6366.482053380461,
    6366.559778286871,
    6366.286717921047,
    6366.198510861939,
    6366.904516409224,
    6366.233614740879,
    6366.354604493579,
    6366.457130195917,
    6366.538313504826,
    6366.1043083954355,
    6366.17713837706,
    6366.173315248442,
    6366.1284995414135,
    6366.187501536203,
    6366.280714075624,
    6366.115556498241,
    6366.367455287233,
    6366.198545286331,
    6366.281250726489,
    6366.087579063436,
    6366.18425613022,
    6366.342930537791,
    6366.255983975021,
    6366.105768910487,
    6366.000620294488,
    6366.147871882677,
    6365.988299113434,
    6366.355887101441,
    6366.215978662336,
    6366.155903788829,
    6366.059956732159,
    6367.3782857087435,
    6366.107662432215,
    6366.279663821531,
    6366.416155538301,
    6368.447014854159,
    6367.430415111883
  ],
  "stopped_early": true
}