{
  "best_epoch": 38,
  "best_val_loss": 0.39964129021114797,
  "train_loss_history": [
    10.36870088155336,
    2.072526300443249,
    1.5214121678604424,
    1.291079507784138,
    1.1728915777495128,
    1.0557952226350698,
    0.9770157994385152,
    0.9369703117202499,
    0.8794695574332354,
    0.852625713779224,
    0.8255542517280575,
    0.7931814395803852,
    0.7842069576555422,
    0.7614620214880267,
    0.7346638524869519,
    0.7165301574320707,
    0.7065895982204625,
    0.6981646225239135,
    0.6871950760745107,
    0.6652879323024183,
    0.6622335893571492,
    0.6545738760656886,
    0.6379202846934767,
    0.6241283179654271,
    0.6210215821734171,
    0.6080522619962141,
    0.5924194767973722,
    0.5952836875311506,
    0.5818547913481732,
    0.5726531401954388,
    0.5892025424880493,
    0.550302337100635,
    0.5698945434658317,
    0.5430671395934806,
    0.5415922594762559,
    0.5505919467103411,
    0.5326469265170741,
    0.5262746103712664,
    0.5373981543251224,
    0.5178443635925681,
    0.5256931859512606,
    0.5175701195261119,
    0.5041782844142199,
    0.5083575245467843,
    0.49672764949557435,
    0.48890223827065854,
    0.504490665922613,
    0.48161418385974913,
    0.48391261538347663
  ],
  "val_loss_history": [
    2.493185743989602,
    1.7312671923404763,
    1.346827687156975,
    1.123620481666302,
    0.9160738439636159,
    0.9533102974645177,
    0.8559203571443714,
    0.8392310926892932,
    0.9803294636833487,
    0.8588841870436412,
    0.780025262443609,
    0.7030131429934962,
    0.8906234060552374,
    0.8558840531146648,
    0.9798152831077378,
    0.5996944239235082,
    0.937987976247947,
    0.6420408244545786,
    0.6127606354141869,
    0.7824984626055308,
    0.9879452942168537,
    0.5841926263406709,
    0.49905404897678535,
    0.7190052364064075,
    0.5662974365425228,
    0.6148275252766497,
    0.6573680889836628,
    0.5956390436962231,
    0.7429830878385251,
    0.49443930773559835,
    0.510189528964678,
    0.5931245559524495,
    0.5465395738035657,
    0.5132771765317119,
    0.5019510753154259,
    0.5085199756421364,
    0.49777215640030636,
    0.6797997970192022,
    0.39964129021114797,
    0.5198641600068338,
    0.40730299846572154,
    0.43096963205301886,
    0.4684046751511946,
    0.552367117745465,
    0.4162710895361632,
    0.4779534260093708,
    0.5511645069626177,
    0.5753771783604225,
    0.4038051095757713
  ],
  "stopped_early": true
}